{"initial_reset_timestamp": 1544141729.380032, "timestamps": [1544141731.7610366, 1544141732.0903072, 1544141732.2613742, 1544141732.431798, 1544141732.5776708, 1544141732.7354844, 1544141732.89355, 1544141733.0330558, 1544141733.368566, 1544141733.5201097, 1544141733.6717434, 1544141733.867108, 1544141734.0117185, 1544141734.1620371, 1544141734.3490725, 1544141734.574771, 1544141734.8188312, 1544141734.9844952, 1544141735.182172, 1544141735.4569254, 1544141735.6526423, 1544141735.8430412, 1544141736.0173078, 1544141736.2273636, 1544141736.3708742, 1544141736.52365, 1544141736.667783, 1544141736.9665608, 1544141737.1349607, 1544141737.3360374, 1544141737.638095, 1544141737.8645606, 1544141738.086238, 1544141738.3509862, 1544141738.5317278, 1544141738.713493, 1544141738.906257, 1544141739.1006932, 1544141739.3911502, 1544141739.5791633, 1544141739.802082, 1544141740.0480819, 1544141740.2379851, 1544141740.520357, 1544141740.720195, 1544141740.9107087, 1544141741.1067832, 1544141741.3377852, 1544141741.546261, 1544141741.8210592, 1544141742.0443141, 1544141742.2645123, 1544141742.48534, 1544141742.719519, 1544141742.9187086, 1544141743.1731446, 1544141743.3663673, 1544141743.6117344, 1544141743.8833845, 1544141744.144325, 1544141744.3560486, 1544141744.6371665, 1544141744.8267453, 1544141745.0209868, 1544141745.3554115, 1544141745.5803752, 1544141745.78101, 1544141745.9243712, 1544141746.1253068, 1544141746.3280299, 1544141746.5358708, 1544141746.752788, 1544141746.953285, 1544141747.1392689, 1544141747.391304, 1544141747.5754344, 1544141747.7970548, 1544141748.056965, 1544141748.240539, 1544141748.5088434, 1544141748.7077494, 1544141748.965016, 1544141749.1689115, 1544141749.3559647, 1544141749.560714, 1544141749.7652776, 1544141749.9872053, 1544141750.2072375, 1544141750.4448342, 1544141750.65092, 1544141750.8336027, 1544141751.0430782, 1544141751.2157202, 1544141751.396166, 1544141751.619265, 1544141751.842217, 1544141752.018729, 1544141752.2234905, 1544141752.3990865, 1544141752.6372404], "episode_lengths": [411, 421, 440, 461, 399, 419, 428, 380, 470, 360, 406, 528, 380, 410, 411, 477, 507, 353, 426, 574, 413, 475, 472, 575, 386, 417, 403, 415, 425, 532, 627, 449, 471, 572, 387, 387, 405, 414, 548, 377, 454, 512, 387, 552, 423, 397, 416, 480, 449, 583, 473, 463, 443, 503, 404, 540, 392, 528, 576, 545, 450, 583, 403, 407, 447, 571, 546, 371, 545, 556, 553, 511, 423, 391, 529, 374, 443, 526, 393, 569, 412, 543, 433, 391, 425, 429, 452, 467, 502, 406, 386, 419, 351, 382, 468, 462, 367, 433, 352, 470], "episode_rewards": [200.0, 75.0, 225.0, 175.0, 50.0, 50.0, 425.0, 125.0, 250.0, 100.0, 100.0, 125.0, 0.0, 75.0, 50.0, 200.0, 275.0, 50.0, 75.0, 650.0, 200.0, 150.0, 250.0, 550.0, 25.0, 125.0, 25.0, 150.0, 75.0, 100.0, 250.0, 150.0, 325.0, 200.0, 0.0, 0.0, 50.0, 50.0, 225.0, 175.0, 125.0, 300.0, 125.0, 575.0, 75.0, 25.0, 50.0, 200.0, 75.0, 325.0, 200.0, 150.0, 100.0, 450.0, 25.0, 550.0, 25.0, 475.0, 250.0, 275.0, 75.0, 275.0, 50.0, 125.0, 225.0, 650.0, 350.0, 200.0, 550.0, 225.0, 275.0, 175.0, 75.0, 50.0, 575.0, 0.0, 100.0, 600.0, 50.0, 250.0, 200.0, 525.0, 100.0, 25.0, 100.0, 175.0, 175.0, 75.0, 250.0, 50.0, 100.0, 75.0, 75.0, 0.0, 100.0, 175.0, 150.0, 125.0, 75.0, 250.0], "episode_types": ["t", "t", "t", "t", "t", "t", "t", "t", "t", "t", "t", "t", "t", "t", "t", "t", "t", "t", "t", "t", "t", "t", "t", "t", "t", "t", "t", "t", "t", "t", "t", "t", "t", "t", "t", "t", "t", "t", "t", "t", "t", "t", "t", "t", "t", "t", "t", "t", "t", "t", "t", "t", "t", "t", "t", "t", "t", "t", "t", "t", "t", "t", "t", "t", "t", "t", "t", "t", "t", "t", "t", "t", "t", "t", "t", "t", "t", "t", "t", "t", "t", "t", "t", "t", "t", "t", "t", "t", "t", "t", "t", "t", "t", "t", "t", "t", "t", "t", "t", "t"]}