{"initial_reset_timestamp": 1544152019.6484904, "timestamps": [1544152020.8236098, 1544152022.1574588, 1544152022.8227143, 1544152023.3504076, 1544152024.0579119, 1544152024.7188191, 1544152025.2144706, 1544152025.72258, 1544152026.5846326, 1544152027.2521899, 1544152027.7870102, 1544152028.3237789, 1544152029.3687274, 1544152030.1123333, 1544152030.6874554, 1544152031.2473905, 1544152031.888371, 1544152032.7971199, 1544152033.2984614, 1544152033.8991191, 1544152034.5815632, 1544152035.3314838, 1544152036.1354053, 1544152037.019727, 1544152037.8354309, 1544152038.7107902, 1544152039.5236485, 1544152040.716097, 1544152041.270066, 1544152041.9214847, 1544152042.5473478, 1544152043.4994864, 1544152044.392289, 1544152045.5234942, 1544152046.2047625, 1544152046.7362988, 1544152047.5219834, 1544152048.3019385, 1544152048.9771736, 1544152049.4616442, 1544152050.198081, 1544152050.9720156, 1544152051.5062387, 1544152052.4011161, 1544152053.0040276, 1544152053.509942, 1544152054.0613177, 1544152054.69368, 1544152055.5289254, 1544152056.1433523, 1544152056.8060782, 1544152057.3843682, 1544152057.898395, 1544152058.5087385, 1544152059.1390815, 1544152059.8528254, 1544152060.5187175, 1544152061.0150123, 1544152061.7770066, 1544152062.4104128, 1544152063.143415, 1544152063.814339], "episode_lengths": [516, 585, 498, 408, 424, 494, 390, 401, 393, 384, 387, 405, 643, 502, 388, 355, 392, 605, 385, 449, 430, 448, 460, 417, 548, 491, 610, 616, 419, 389, 382, 669, 582, 849, 490, 374, 524, 541, 486, 359, 436, 439, 396, 558, 454, 386, 420, 441, 440, 428, 379, 404, 387, 431, 466, 531, 479, 372, 564, 469, 393, 515], "episode_rewards": [300.0, 250.0, 125.0, 75.0, 100.0, 150.0, 50.0, 50.0, 50.0, 175.0, 50.0, 50.0, 425.0, 175.0, 25.0, 50.0, 50.0, 525.0, 0.0, 100.0, 100.0, 75.0, 175.0, 175.0, 600.0, 250.0, 875.0, 375.0, 125.0, 25.0, 175.0, 200.0, 525.0, 775.0, 250.0, 250.0, 300.0, 300.0, 175.0, 50.0, 150.0, 150.0, 200.0, 400.0, 125.0, 275.0, 100.0, 175.0, 150.0, 125.0, 125.0, 50.0, 125.0, 250.0, 200.0, 225.0, 200.0, 0.0, 300.0, 550.0, 225.0, 500.0], "episode_types": ["t", "t", "t", "t", "t", "t", "t", "t", "t", "t", "t", "t", "t", "t", "t", "t", "t", "t", "t", "t", "t", "t", "t", "t", "t", "t", "t", "t", "t", "t", "t", "t", "t", "t", "t", "t", "t", "t", "t", "t", "t", "t", "t", "t", "t", "t", "t", "t", "t", "t", "t", "t", "t", "t", "t", "t", "t", "t", "t", "t", "t", "t", "t"]}